"Munsell","ISCCNBS","imgRGB.R","imgRGB.G","imgRGB.B","imgRGB.cluster"
"10R 2.5/1","dark reddish gray",69.27423418,57.16583555,55.25915226,"1"
"10R 2.5/2","grayish reddish brown",77.06743061,54.41948275,50.60994747,"1"
"10R 2.5/3","moderate reddish brown",83.83962328,51.53851391,46.16256838,"3"
"10R 2.5/4","moderate reddish brown",89.89393667,48.48990356,41.76281176,"3"
"10R 2.5/6","moderate reddish brown",100.5690161,41.64265692,32.8667457,"3"
"10R 2.5/8","strong reddish brown",111.0568935,31.92294849,22.88474811,"3"
"10R 3/1","dark reddish gray",81.76085281,68.61632177,66.20244426,"1"
"10R 3/2","grayish reddish brown",90.24065238,65.71803343,60.88220607,"1"
"10R 3/3","moderate reddish brown",97.49463963,62.76215398,55.87025499,"3"
"10R 3/4","moderate reddish brown",103.9457952,59.69462855,50.94058848,"3"
"10R 3/6","moderate reddish brown",115.3108506,52.98866018,40.90574136,"3"
"10R 3/8","strong reddish brown",125.9925722,44.4442466,29.61399214,"3"
"10R 4/1","dark reddish gray",106.0510625,93.29143725,90.667264,"2"
"10R 4/2","grayish reddish brown",114.8118633,90.5311337,85.17168242,"2"
"10R 4/3","moderate reddish brown",122.8995645,87.60350709,79.42048145,"2"
"10R 4/4","moderate reddish brown",130.1540665,84.62105295,73.58867138,"2"
"10R 4/6","moderate reddish brown",142.3148484,78.68379275,62.24238997,"2"
"10R 4/8","dark reddish orange",153.6901959,71.70424647,49.81812738,"2"
"10R 5/1","reddish gray",130.5783861,119.0660369,116.2517876,"6"
"10R 5/2","grayish red",139.0019683,116.6064604,110.8139284,"6"
"10R 5/3","light reddish brown",147.3618473,113.8793631,104.7696224,"6"
"10R 5/4","light reddish brown",155.2619367,111.0032137,98.43297736,"6"
"10R 5/6","grayish reddish orange",169.5260916,104.9128936,85.50916859,"6"
"10R 5/8","moderate reddish orange",182.31227,98.233073,71.95854617,"2"
"10R 6/1","reddish gray",156.7384551,144.8576976,141.8045784,"6"
"10R 6/2","light grayish red",165.4870073,142.3808363,136.0913088,"6"
"10R 6/3","light reddish brown",174.1029286,139.7069517,129.7493092,"6"
"10R 6/4","light reddish brown",182.1322213,136.971257,123.2466324,"6"
"10R 6/6","grayish reddish orange",196.1264783,131.511655,110.8885399,"6"
"10R 6/8","moderate reddish orange",209.3699998,125.3920382,97.76421998,"6"
"10R 7/1","pinkish gray",182.2663646,171.1195157,168.1196861,"4"
"10R 7/2","grayish yellowish pink",190.8226049,168.7788267,162.5344569,"4"
"10R 7/3","moderate yellowish pink",199.7534298,166.140569,155.9886119,"4"
"10R 7/4","moderate yellowish pink",208.3771416,163.3659037,149.1076219,"4"
"10R 7/6","moderate yellowish pink",224.0617523,157.6121335,135.6807317,"4"
"10R 7/8","strong yellowish pink",238.7993551,151.2748907,121.4434466,"4"
"10R 8/1","pinkish gray",207.175605,197.9659408,195.2588021,"4"
"10R 8/2","pale yellowish pink",215.2156535,195.8503341,189.9993431,"4"
"10R 8/3","light yellowish pink",225.9084144,192.8017175,182.436224,"4"
"10R 8/4","light yellowish pink",236.4070962,189.5326112,174.243027,"4"
"10R 8/6","light yellowish pink",253.0072664,183.7123121,159.7794198,"4"
"10R 8/8","strong yellowish pink",255,177.2842022,144.4339364,"4"
"10YR 2.5/1","brownish gray",66.29250448,58.60385111,51.6311096,"1"
"10YR 2.5/2","dark grayish yellow brown",71.39872264,57.44671917,43.26273776,"1"
"10YR 2.5/3","dark yellowish brown",75.71967735,56.31104069,34.58413816,"1"
"10YR 2.5/4","dark yellowish brown",79.47937985,55.18977298,24.88473202,"3"
"10YR 2.5/6","deep yellowish brown",85.93742784,52.90244446,0,"5"
"10YR 2.5/8","deep yellowish brown",90.62709472,50.95988813,0,"5"
"10YR 3/1","brownish gray",78.57571382,70.14802354,62.25126383,"1"
"10YR 3/2","dark grayish yellow brown",84.16082177,68.9169697,53.01027375,"1"
"10YR 3/3","dark yellowish brown",88.79207227,67.73225386,43.89899584,"3"
"10YR 3/4","dark yellowish brown",92.73325554,66.59725058,34.34150506,"3"
"10YR 3/6","deep yellowish brown",99.18746839,64.43373984,8.498126136,"5"
"10YR 3/8","deep yellowish brown",103.8028109,62.65149703,0,"5"
"10YR 4/1","brownish gray",103.6495312,94.64789441,85.38729804,"2"
"10YR 4/2","grayish yellowish brown",109.9047272,93.37222962,74.84076515,"2"
"10YR 4/3","moderate yellowish brown",115.4391761,92.04154575,64.42534838,"2"
"10YR 4/4","moderate yellowish brown",120.1253825,90.77856417,53.9940423,"2"
"10YR 4/6","strong yellowish brown",127.1231957,88.63572758,32.73190696,"2"
"10YR 4/8","strong yellowish brown",132.1695619,86.88581791,0,"5"
"10YR 5/1","light brownish gray",128.8643907,120.1772193,110.9339272,"6"
"10YR 5/2","grayish yellowish brown",135.2333013,118.9669867,100.3984603,"6"
"10YR 5/3","moderate yellowish brown",141.0280988,117.7127401,89.7334212,"2"
"10YR 5/4","moderate yellowish brown",146.2393856,116.4602226,78.77930248,"2"
"10YR 5/6","strong yellowish brown",155.2281271,113.9788602,54.85217949,"2"
"10YR 5/8","strong yellowish brown",161.5796957,111.9529651,27.51030813,"2"
"10YR 6/1","light brownish gray",154.9185509,146.0514953,135.9710272,"6"
"10YR 6/2","light grayish yellowish brown",161.4662005,144.8916778,124.8162354,"6"
"10YR 6/3","light yellowish brown",167.152674,143.7661664,114.1332866,"6"
"10YR 6/4","light yellowish brown",172.3733512,142.6198803,103.3871468,"6"
"10YR 6/6","dark orange yellow",182.2246392,140.1060092,79.93626425,"6"
"10YR 6/8","dark orange yellow",189.6883052,137.9585642,54.37243101,"6"
"10YR 7/1","yellowish gray",180.9269266,172.2213511,161.605107,"4"
"10YR 7/2","light grayish yellowish brown",187.5863249,171.1185315,149.9737321,"4"
"10YR 7/3","light yellowish brown",193.6852689,169.9727371,138.6228861,"4"
"10YR 7/4","light yellowish brown",199.2468471,168.8260689,127.315923,"4"
"10YR 7/6","moderate orange yellow",209.0139966,166.5667993,104.1712624,"4"
"10YR 7/8","moderate orange yellow",217.2052225,164.3637396,80.14524568,"6"
"10YR 8/1","yellowish gray",207.2703251,198.7408966,187.4229447,"4"
"10YR 8/2","pale orange yellow",213.9315781,197.7225999,175.2970508,"4"
"10YR 8/3","pale orange yellow",220.0372711,196.6489177,163.7691938,"4"
"10YR 8/4","pale orange yellow",225.7202324,195.5421138,152.391578,"4"
"10YR 8/6","light orange yellow",236.2062467,193.225022,128.9999927,"4"
"10YR 8/8","light orange yellow",245.3477117,190.9375833,103.7461488,"4"
"2.5YR 2.5/1","brownish gray",68.92636342,57.39364098,54.30907752,"1"
"2.5YR 2.5/2","grayish reddish brown",76.32914224,54.93849987,48.6534381,"1"
"2.5YR 2.5/3","moderate reddish brown",82.69324895,52.41896742,43.05713122,"3"
"2.5YR 2.5/4","moderate reddish brown",88.36533737,49.79082082,37.29472814,"3"
"2.5YR 2.5/6","strong brown",98.4532465,43.94485714,24.33340631,"3"
"2.5YR 2.5/8","strong brown",107.6292152,36.71381921,4.754012237,"5"
"2.5YR 3/1","brownish gray",81.40925522,68.85943944,65.09660057,"1"
"2.5YR 3/2","grayish reddish brown",89.43702022,66.28305154,58.64830484,"1"
"2.5YR 3/3","moderate reddish brown",96.10827292,63.76197038,52.49604633,"3"
"2.5YR 3/4","moderate reddish brown",102.0189661,61.1879712,46.25625186,"3"
"2.5YR 3/6","strong brown",112.6677727,55.53332703,32.18454975,"3"
"2.5YR 3/8","strong brown",121.250831,49.69587846,14.55973621,"3"
"2.5YR 4/1","brownish gray",105.9920327,93.46570579,89.17638601,"2"
"2.5YR 4/2","grayish reddish brown",114.4802513,90.94931569,82.26190538,"2"
"2.5YR 4/3","moderate reddish brown",122.1028874,88.34336808,75.33590484,"2"
"2.5YR 4/4","moderate reddish brown",128.834872,85.74230989,68.3797526,"2"
"2.5YR 4/6","strong brown",139.9355932,80.72488899,54.46449394,"2"
"2.5YR 4/8","strong brown",149.8382081,75.25280832,38.33695692,"2"
"2.5YR 5/1","light brownish gray",130.8112078,119.1500957,114.6764338,"6"
"2.5YR 5/2","light grayish reddish brown",139.1282219,116.8561139,107.8189879,"6"
"2.5YR 5/3","light reddish brown",146.8636769,114.4525074,100.9066825,"6"
"2.5YR 5/4","light reddish brown",154.0980964,111.9545304,93.76668029,"6"
"2.5YR 5/6","grayish reddish orange",167.4701716,106.6160729,78.1319149,"2"
"2.5YR 5/8","brownish orange",179.228659,100.9443529,61.03524426,"2"
"2.5YR 6/1","light brownish gray",156.9805008,144.9511125,140.1269602,"6"
"2.5YR 6/2","light grayish reddish brown",165.6153302,142.6515268,132.9163571,"6"
"2.5YR 6/3","light reddish brown",173.4368504,140.3580769,125.731247,"6"
"2.5YR 6/4","light reddish brown",180.7932824,137.9923963,118.4124091,"6"
"2.5YR 6/6","grayish reddish orange",194.9320585,132.7754729,102.8289932,"6"
"2.5YR 6/8","moderate orange",206.9876121,127.5380324,87.13752705,"6"
"2.5YR 7/1","pinkish gray",182.5573139,171.1951126,166.4828222,"4"
"2.5YR 7/2","grayish yellowish pink",191.1155651,168.9943741,159.3783221,"4"
"2.5YR 7/3","moderate yellowish pink",199.5430754,166.6365764,151.7235775,"4"
"2.5YR 7/4","moderate yellowish pink",207.6245543,164.1757614,143.7581643,"4"
"2.5YR 7/6","moderate orange",222.770986,158.9405404,127.2505706,"4"
"2.5YR 7/8","moderate orange",235.6290958,153.7781767,110.9923786,"4"
"2.5YR 8/1","pinkish gray",207.8027412,197.9374675,193.6117213,"4"
"2.5YR 8/2","pale yellowish pink",216.051142,195.8968501,186.7443014,"4"
"2.5YR 8/3","light yellowish pink",226.0879037,193.2079612,177.628298,"4"
"2.5YR 8/4","light yellowish pink",235.7096257,190.3958861,168.0491858,"4"
"2.5YR 8/6","light orange",251.0087786,185.3217207,151.7033029,"4"
"2.5YR 8/8","light orange",255,179.6856539,133.4121463,"4"
"2.5Y 2.5/1","brownish gray",64.8626029,59.14233946,51.09923996,"1"
"2.5Y 2.5/2","moderate olive brown",68.91671215,58.4673524,42.15201138,"1"
"2.5Y 2.5/3","moderate olive brown",72.50201324,57.76041805,32.40850675,"1"
"2.5Y 2.5/4","moderate olive brown",75.70495122,57.01294018,21.19046606,"5"
"2.5Y 2.5/6","moderate olive brown",81.50259988,55.26757263,0,"5"
"2.5Y 2.5/8","moderate olive brown",85.99123629,53.66985482,0,"5"
"2.5Y 3/1","brownish gray",77.00699376,70.73266726,61.69960769,"1"
"2.5Y 3/2","moderate olive brown",81.42405416,70.02216335,51.90466743,"1"
"2.5Y 3/3","moderate olive brown",85.23667421,69.28394471,41.9655953,"1"
"2.5Y 3/4","moderate olive brown",88.52584978,68.5506201,31.3139326,"3"
"2.5Y 3/6","moderate olive brown",93.95118289,67.09251395,0.70070888,"5"
"2.5Y 3/8","moderate olive brown",97.91953943,65.8682489,0,"5"
"2.5Y 4/1","brownish gray",102.1238107,95.23065901,84.60831178,"2"
"2.5Y 4/2","moderate olive brown",107.1442536,94.49246771,73.32397894,"2"
"2.5Y 4/3","moderate olive brown",111.6406051,93.67376235,62.08477602,"2"
"2.5Y 4/4","moderate olive brown",115.4418679,92.88815907,50.71728561,"2"
"2.5Y 4/6","moderate olive brown",121.0338012,91.56775628,26.57940446,"5"
"2.5Y 4/8","moderate olive brown",125.1354919,90.44045381,0,"5"
"2.5Y 5/1","light brownish gray",127.5513017,120.6987216,109.9849427,"6"
"2.5Y 5/2","light olive brown",132.7650509,119.9896835,98.53544544,"6"
"2.5Y 5/3","light olive brown",137.4709673,119.244853,86.89932653,"2"
"2.5Y 5/4","light olive brown",141.6795888,118.4918974,74.91383716,"2"
"2.5Y 5/6","light olive brown",148.9177062,116.9564047,48.30160557,"2"
"2.5Y 5/8","light olive brown",153.8184314,115.7212076,15.21458391,"2"
"2.5Y 6/1","light brownish gray",153.2976066,146.6927549,134.7664824,"6"
"2.5Y 6/2","light olive brown",158.5086005,146.1026567,122.5300492,"6"
"2.5Y 6/3","dark grayish yellow",163.2442575,145.4169764,110.9769094,"6"
"2.5Y 6/4","dark grayish yellow",167.6139681,144.6868246,99.37084699,"6"
"2.5Y 6/6","dark yellow",175.5659098,143.1493396,73.56292179,"6"
"2.5Y 6/8","deep yellow",181.9502965,141.6416347,44.56963544,"6"
"2.5Y 7/1","yellowish gray",179.2805862,172.8844052,160.2177177,"4"
"2.5Y 7/2","grayish yellow",184.5942925,172.3517534,147.4187307,"4"
"2.5Y 7/3","grayish yellow",189.8309689,171.5886312,135.4157333,"4"
"2.5Y 7/4","grayish yellow",194.6770533,170.776696,123.5720477,"4"
"2.5Y 7/6","moderate yellow",202.8335483,169.3130445,98.76534998,"6"
"2.5Y 7/8","strong yellow",209.2065548,168.0398328,72.09448323,"6"
"2.5Y 8/1","yellowish gray",205.8328716,199.3547444,185.8335484,"4"
"2.5Y 8/2","pale yellow",211.1765735,198.899639,172.3847416,"4"
"2.5Y 8/3","pale yellow",216.0354012,198.3204888,160.2509175,"4"
"2.5Y 8/4","pale yellow",220.6050308,197.67469,148.38278,"4"
"2.5Y 8/6","light yellow",229.2650386,196.2563536,122.8647418,"4"
"2.5Y 8/8","brilliant yellow",236.6467054,194.790961,96.81173427,"4"
"5Y 2.5/1","olive gray",63.47480613,59.6133049,50.96441441,"1"
"5Y 2.5/2","grayish olive",66.51158356,59.34617056,41.81233769,"1"
"5Y 2.5/3","moderate olive",69.4109997,58.98771102,31.40807783,"1"
"5Y 2.5/4","moderate olive",72.0062874,58.58295749,18.92920696,"5"
"5Y 2.5/6","moderate olive",76.44464598,57.64102982,0,"5"
"5Y 2.5/8","moderate olive",79.09262174,57.16664857,0,"5"
"5Y 3/1","olive gray",75.44138124,71.26519684,61.50658687,"1"
"5Y 3/2","grayish olive",78.70150623,71.00976752,51.49703509,"1"
"5Y 3/3","moderate olive",81.70729272,70.65602795,41.02824779,"1"
"5Y 3/4","moderate olive",84.34642617,70.26814128,29.57362567,"5"
"5Y 3/6","moderate olive",88.65828412,69.44663926,0,"5"
"5Y 3/8","moderate olive",91.63272893,68.8583619,0,"5"
"5Y 4/1","olive gray",100.4489848,95.8079469,84.25387841,"2"
"5Y 4/2","grayish olive",104.1615761,95.5777446,72.59001807,"2"
"5Y 4/3","moderate olive",107.605874,95.23335577,60.640074,"2"
"5Y 4/4","moderate olive",110.5612063,94.864042,48.37355373,"2"
"5Y 4/6","moderate olive",114.9990821,94.15478572,21.33806108,"5"
"5Y 4/8","moderate olive",118.2091823,93.50964311,0,"5"
"5Y 5/1","light olive gray",125.6319456,121.37192,109.3672764,"6"
"5Y 5/2","light grayish olive",129.3369485,121.2417423,97.32478034,"2"
"5Y 5/3","light olive",132.9904357,120.9602793,84.92047132,"2"
"5Y 5/4","light olive",136.3540155,120.6086015,72.1034337,"2"
"5Y 5/6","light olive",142.1381345,119.7870076,43.59419049,"2"
"5Y 5/8","light olive",145.8966042,119.1251461,1.963308431,"5"
"5Y 6/1","light olive gray",151.6689599,147.2702115,134.1319069,"6"
"5Y 6/2","light grayish olive",155.4555409,147.2173362,121.2752261,"6"
"5Y 6/3","dark grayish yellow",158.7925899,147.0908548,108.9783247,"6"
"5Y 6/4","dark grayish yellow",161.9543136,146.8737658,96.5755777,"6"
"5Y 6/6","dark yellow",168.325058,146.0976996,68.86636686,"6"
"5Y 6/8","deep yellow",172.8644071,145.4583705,36.04345743,"2"
"5Y 7/1","yellowish gray",177.8728233,173.3868134,159.6098443,"4"
"5Y 7/2","grayish yellow",181.7728305,173.3820593,146.1576679,"4"
"5Y 7/3","grayish yellow",185.1510798,173.3383629,133.2198544,"4"
"5Y 7/4","grayish yellow",188.2598004,173.2284989,120.4034677,"4"
"5Y 7/6","moderate yellow",194.2157531,172.7326797,93.89670953,"6"
"5Y 7/8","strong yellow",199.343954,172.0672557,65.29037038,"6"
"5Y 8/1","yellowish gray",204.3945026,199.8877006,184.9945177,"4"
"5Y 8/2","pale yellow",208.3146819,199.9702633,170.739078,"4"
"5Y 8/3","pale yellow",211.4178349,200.0539025,157.7470478,"4"
"5Y 8/4","pale yellow",214.3021724,200.0594293,145.0687527,"4"
"5Y 8/6","light yellow",220.482385,199.6621088,118.2211592,"4"
"5Y 8/8","brilliant yellow",225.7605623,199.1588214,89.55548907,"4"
"5YR 2.5/1","brownish gray",68.2715179,57.73793121,53.28604082,"1"
"5YR 2.5/2","grayish brown",75.02602406,55.69271818,46.58568878,"1"
"5YR 2.5/3","moderate brown",80.71772217,53.66575481,39.87094438,"3"
"5YR 2.5/4","moderate brown",85.75814062,51.59585481,32.74425274,"3"
"5YR 2.5/6","strong brown",94.77496716,47.07391852,14.34002989,"5"
"5YR 2.5/8","strong brown",102.5360005,42.06950045,0,"5"
"5YR 3/1","brownish gray",80.70917447,69.22892021,63.95610254,"1"
"5YR 3/2","grayish brown",88.04704063,67.07644967,56.41133772,"1"
"5YR 3/3","moderate brown",94.06031154,65.01150955,49.28357065,"3"
"5YR 3/4","moderate brown",99.32672725,62.94919092,42.00143903,"3"
"5YR 3/6","strong brown",108.6502472,58.60084174,24.55412367,"3"
"5YR 3/8","strong brown",115.6379893,54.61338042,0,"5"
"5YR 4/1","brownish gray",105.5405689,93.76338037,87.79431119,"2"
"5YR 4/2","grayish brown",113.5040402,91.59260524,79.5239104,"2"
"5YR 4/3","moderate brown",120.579009,89.37023595,71.24872753,"2"
"5YR 4/4","moderate brown",126.7004765,87.20879613,62.97264446,"2"
"5YR 4/6","strong brown",136.3743927,83.26084955,46.65290357,"2"
"5YR 4/8","strong brown",144.4149463,79.35145629,27.35841761,"2"
"5YR 5/1","light brownish gray",130.5058906,119.3872303,113.3650167,"6"
"5YR 5/2","light grayish brown",138.3958249,117.3834681,105.1757711,"6"
"5YR 5/3","light brown",145.5119157,115.3725511,96.81606945,"6"
"5YR 5/4","light brown",152.0837737,113.3139165,88.20178304,"6"
"5YR 5/6","brownish orange",164.2968015,108.8564306,69.60383863,"2"
"5YR 5/8","brownish orange",174.2406227,104.5450416,49.455878,"2"
"5YR 6/1","light brownish gray",156.6302307,145.2144344,138.6982587,"6"
"5YR 6/2","light grayish brown",164.8212892,143.2124217,130.1136004,"6"
"5YR 6/3","light brown",172.1019058,141.2491842,121.7308084,"6"
"5YR 6/4","light brown",178.8628664,139.2589658,113.1643301,"6"
"5YR 6/6","moderate orange",191.6364116,135.0068624,94.22827216,"6"
"5YR 6/8","moderate orange",202.4906549,130.7508722,74.77622929,"6"
"5YR 7/1","pinkish gray",182.5847955,171.3677813,164.7208053,"4"
"5YR 7/2","brownish pink",190.8820543,169.4106523,155.9865275,"4"
"5YR 7/3","moderate yellowish pink",198.5653192,167.4397311,147.0985947,"4"
"5YR 7/4","moderate yellowish pink",205.7658882,165.4369181,138.0123374,"4"
"5YR 7/6","moderate orange",219.2076009,161.2232611,118.9228539,"4"
"5YR 7/8","moderate orange",230.274094,157.2298438,100.2866425,"4"
"5YR 8/1","pinkish gray",208.3902102,197.9913428,191.2649594,"4"
"5YR 8/2","pale yellowish pink",216.5706392,196.1479132,182.4280381,"4"
"5YR 8/3","light yellowish pink",225.1384203,194.0374961,172.5652534,"4"
"5YR 8/4","light yellowish pink",233.2254438,191.8743479,162.4918532,"4"
"5YR 8/6","light orange",247.0567119,187.7134111,143.6263169,"4"
"5YR 8/8","light orange",255,183.2430849,121.6993475,"4"
"7.5YR 2.5/1","brownish gray",67.4507044,58.12633413,52.35112449,"1"
"7.5YR 2.5/2","grayish brown",73.45358958,56.51032923,44.71011546,"1"
"7.5YR 2.5/3","moderate brown",78.41609912,54.9628207,36.97088229,"3"
"7.5YR 2.5/4","moderate brown",82.74733659,53.42762198,28.54010326,"3"
"7.5YR 2.5/6","strong brown",90.3690662,50.20381577,3.333222108,"5"
"7.5YR 2.5/8","strong brown",95.97228227,47.39630533,0,"5"
"7.5YR 3/1","brownish gray",79.90903789,69.60080482,63.08739987,"1"
"7.5YR 3/2","grayish brown",86.52895635,67.85144601,54.64938801,"1"
"7.5YR 3/3","moderate brown",91.90205426,66.21520072,46.42406311,"3"
"7.5YR 3/4","moderate brown",96.46731455,64.65079109,37.92862235,"3"
"7.5YR 3/6","strong brown",104.055392,61.61615202,17.23172815,"5"
"7.5YR 3/8","strong brown",109.6229017,59.00784679,0,"5"
"7.5YR 4/1","brownish gray",104.9233891,94.07905665,86.76936121,"2"
"7.5YR 4/2","grayish brown",112.2676304,92.25959493,77.44257201,"2"
"7.5YR 4/3","moderate brown",118.685729,90.45223631,67.87970915,"2"
"7.5YR 4/4","moderate brown",124.1169195,88.74652588,58.27247443,"2"
"7.5YR 4/6","strong brown",132.3965983,85.74484005,39.72776621,"2"
"7.5YR 4/8","strong brown",138.685763,83.13568842,14.54477402,"5"
"7.5YR 5/1","light brownish gray",129.9003493,119.6949661,112.3299186,"6"
"7.5YR 5/2","light grayish brown",137.2231883,118.008238,103.101265,"6"
"7.5YR 5/3","light brown",143.8772358,116.2986628,93.60904816,"6"
"7.5YR 5/4","light brown",149.9259396,114.5812995,83.80552848,"2"
"7.5YR 5/6","strong yellowish brown",160.6695954,111.0653167,62.59668956,"2"
"7.5YR 5/8","strong yellowish brown",168.6704702,108.0365736,39.16186717,"2"
"7.5YR 6/1","light brownish gray",156.0759799,145.5248122,137.4461125,"6"
"7.5YR 6/2","light grayish brown",163.6985593,143.8455274,127.6737122,"6"
"7.5YR 6/3","light brown",170.4448348,142.1938666,118.2320509,"6"
"7.5YR 6/4","light brown",176.5915408,140.556006,108.6573309,"6"
"7.5YR 6/6","dark orange yellow",187.6899277,137.2658539,87.64647456,"6"
"7.5YR 6/8","dark orange yellow",196.9444477,134.0791847,65.08088908,"6"
"7.5YR 7/1","yellowish gray",182.0732584,171.6890125,163.2080363,"4"
"7.5YR 7/2","brownish pink",189.8120587,170.0635019,153.0822538,"4"
"7.5YR 7/3","light yellowish brown",196.9427103,168.4029283,143.1109869,"4"
"7.5YR 7/4","light yellowish brown",203.4877766,166.7536526,133.0418775,"4"
"7.5YR 7/6","moderate orange yellow",215.0615561,163.5488934,111.8399568,"4"
"7.5YR 7/8","moderate orange yellow",224.6365036,160.5165192,90.34131589,"4"
"7.5YR 8/1","yellowish gray",208.190776,198.2511814,189.3528856,"4"
"7.5YR 8/2","pale yellowish pink",215.8434472,196.7388123,178.8925411,"4"
"7.5YR 8/3","pale orange yellow",223.1398524,195.1522876,168.2966718,"4"
"7.5YR 8/4","pale orange yellow",230.0025266,193.5232948,157.6790979,"4"
"7.5YR 8/6","light orange yellow",242.6183339,190.1158407,136.6054492,"4"
"7.5YR 8/8","light orange yellow",253.751712,186.7793262,112.9894614,"4"
"10Y 2.5/1","olive gray",60.83541003,60.3894088,51.57430029,"1"
"10Y 2.5/2","grayish olive",61.70244206,60.8330671,42.89736647,"1"
"10Y 2.5/3","moderate olive",62.59405548,61.22503195,32.4692038,"1"
"10Y 2.5/4","moderate olive",63.38941477,61.55438949,19.48256705,"5"
"10Y 2.5/6","moderate olive",64.62812416,62.05294497,0,"5"
"10Y 2.5/8","moderate olive",64.00367789,62.90107687,0,"5"
"10Y 3/1","olive gray",72.59261816,72.12216567,61.92330543,"1"
"10Y 3/2","grayish olive",73.54909555,72.62639558,52.20699339,"1"
"10Y 3/3","moderate olive",74.53522999,73.03351224,41.3341375,"1"
"10Y 3/4","moderate olive",75.37134199,73.36419546,29.14836704,"1"
"10Y 3/6","moderate olive",76.43904037,73.86815013,0,"5"
"10Y 3/8","moderate olive",77.30692187,74.20655151,0,"5"
"10Y 4/1","olive gray",97.32537484,96.73782247,84.76060826,"2"
"10Y 4/2","grayish olive",98.46731542,97.34049949,73.45707132,"2"
"10Y 4/3","moderate olive",99.58294069,97.84909983,61.1383619,"2"
"10Y 4/4","moderate olive",100.5321737,98.25855885,48.1791919,"2"
"10Y 4/6","moderate olive",101.8365541,98.81763236,18.15543263,"5"
"10Y 4/8","moderate olive",102.6236786,99.17790344,0,"5"
"10Y 5/1","light olive gray",122.8905642,122.197748,109.6297563,"6"
"10Y 5/2","light grayish olive",124.1598601,122.8490428,97.75677551,"2"
"10Y 5/3","light olive",125.3517473,123.4294545,85.05417539,"2"
"10Y 5/4","light olive",126.3966861,123.9242499,71.79483973,"2"
"10Y 5/6","light olive",128.0263388,124.6714933,42.32833349,"2"
"10Y 5/8","light olive",129.1633387,125.0985881,0,"5"
"10Y 6/1","light olive gray",148.9273182,148.1217176,134.0967626,"6"
"10Y 6/2","light grayish olive",150.3371118,148.8363519,121.2152996,"6"
"10Y 6/3","light olive",151.5412234,149.4329245,108.7522178,"6"
"10Y 6/4","light olive",152.615242,149.9486012,96.08180741,"6"
"10Y 6/6","dark greenish yellow",154.524281,150.8066615,67.43633269,"6"
"10Y 6/8","deep greenish yellow",155.8595614,151.4266774,30.64257296,"2"
"10Y 7/1","yellowish gray",175.049026,174.2697864,159.4864525,"4"
"10Y 7/2","grayish yellow green",176.5292461,175.0456853,145.9393218,"4"
"10Y 7/3","grayish greenish yellow",177.8571899,175.6935463,132.7831774,"4"
"10Y 7/4","grayish greenish yellow",179.0643686,176.2402742,119.7458757,"6"
"10Y 7/6","moderate greenish yellow",181.216269,177.0840798,93.07543761,"6"
"10Y 7/8","strong greenish yellow",182.8261725,177.7921652,61.43593717,"6"
"10Y 8/1","yellowish gray",201.7121005,200.7691597,184.4217918,"4"
"10Y 8/2","pale yellow green",203.3730238,201.5997913,169.760697,"4"
"10Y 8/3","pale greenish yellow",204.7772431,202.2360628,156.7025142,"4"
"10Y 8/4","pale greenish yellow",206.0139106,202.78743,143.9694152,"4"
"10Y 8/6","light greenish yellow",208.1180984,203.8153463,116.2828312,"4"
"10Y 8/8","brilliant greenish yellow",209.9095135,204.5709839,86.57541968,"4"
"5GY 2.5/1","dark greenish gray",58.21133637,61.00086683,53.37791053,"1"
"5GY 2.5/2","grayish olive green",56.50175623,62.06112175,46.55436696,"1"
"5GY 2.5/3","moderate olive green",54.46459958,63.17322001,38.38221438,"1"
"5GY 2.5/4","moderate olive green",52.1708153,64.25535896,28.91885195,"1"
"5GY 2.5/6","moderate olive green",46.66190613,66.30292657,0,"5"
"5GY 2.5/8","strong olive green",41.9087849,67.85259408,0,"5"
"5GY 3/1","dark greenish gray",69.67346539,72.81334633,63.81615363,"1"
"5GY 3/2","grayish olive green",67.80744462,74.00976219,55.90098865,"1"
"5GY 3/3","moderate olive green",65.51025743,75.26634296,46.68335652,"1"
"5GY 3/4","moderate olive green",63.15111303,76.40707817,36.69007054,"1"
"5GY 3/6","moderate olive green",58.55077173,78.26264536,11.72699565,"5"
"5GY 3/8","strong olive green",53.43562391,79.91324626,0,"5"
"5GY 4/1","dark greenish gray",94.1288089,97.49392072,86.85445676,"2"
"5GY 4/2","grayish olive green",92.25516703,98.83586042,77.53309029,"2"
"5GY 4/3","moderate olive green",90.08808154,100.1968122,67.01613988,"2"
"5GY 4/4","moderate olive green",87.8488594,101.4386058,56.00315354,"2"
"5GY 4/6","moderate olive green",83.23015119,103.5212049,32.5772994,"5"
"5GY 4/8","deep yellow green",78.83414771,105.1858073,0,"5"
"5GY 5/1","greenish gray",119.4700241,123.0449399,111.4514041,"6"
"5GY 5/2","grayish yellow green",117.5930251,124.4721286,101.4925695,"2"
"5GY 5/3","moderate yellow green",115.7000402,125.8036315,91.12357468,"2"
"5GY 5/4","moderate yellow green",113.6961915,127.0620225,80.30349529,"2"
"5GY 5/6","moderate yellow green",109.0330448,129.460539,55.99269188,"2"
"5GY 5/8","strong yellow green",104.6136439,131.3742668,24.27836502,"2"
"5GY 6/1","greenish gray",145.2749267,149.0618942,135.6784428,"6"
"5GY 6/2","grayish yellow green",143.4140026,150.6122531,124.4113252,"6"
"5GY 6/3","moderate yellow green",141.6400323,151.9722429,113.5531344,"6"
"5GY 6/4","moderate yellow green",139.8047086,153.2327681,102.6560585,"6"
"5GY 6/6","moderate yellow green",135.5808941,155.6403409,79.20383143,"6"
"5GY 6/8","strong yellow green",130.962384,157.8370006,50.17774054,"2"
"5GY 7/1","light greenish gray",171.7081031,175.1521739,160.7163856,"4"
"5GY 7/2","grayish yellow green",170.0543794,176.743097,148.5533397,"4"
"5GY 7/3","moderate yellow green",168.102245,178.2229052,137.2007152,"4"
"5GY 7/4","moderate yellow green",166.1086285,179.579847,126.1317512,"6"
"5GY 7/6","moderate yellow green",162.3967223,181.9396997,103.4978296,"6"
"5GY 7/8","strong yellow green",158.3891477,184.1297767,77.12219336,"6"
"5GY 8/1","light greenish gray",198.3122074,201.6601977,185.762271,"4"
"5GY 8/2","pale yellow green",196.9049047,203.294438,172.4532739,"4"
"5GY 8/3","light yellow green",195.4752282,204.6807973,160.6673026,"4"
"5GY 8/4","light yellow green",193.903638,205.9772997,149.2581524,"4"
"5GY 8/6","light yellow green",190.0328238,208.5737327,124.9285,"4"
"5GY 8/8","brilliant yellow green",185.8890008,210.87711,99.81594479,"4"
"5R 2.5/1","dark reddish gray",69.3063659,56.94473307,57.23048115,"1"
"5R 2.5/2","dark grayish red",77.31751557,53.8879201,54.61497117,"1"
"5R 2.5/3","dark red",84.19478139,50.71529442,52.28524283,"3"
"5R 2.5/4","dark red",90.33781841,47.35243605,50.11140778,"3"
"5R 2.5/6","dark red",101.1295778,39.78174075,46.09551174,"3"
"5R 2.5/8","dark red",112.6170002,27.6372807,41.82278639,"3"
"5R 3/1","dark reddish gray",81.73605864,68.41282859,68.22184124,"1"
"5R 3/2","dark grayish red",90.46486739,65.20308887,64.92134845,"1"
"5R 3/3","dark red",98.09076202,61.85526314,61.80606565,"3"
"5R 3/4","dark red",104.8542628,58.37129985,58.826448,"3"
"5R 3/6","dark red",116.310681,51.00040059,53.38011569,"3"
"5R 3/8","dark red",128.0289203,40.46419103,47.61841818,"3"
"5R 4/1","dark reddish gray",105.7303333,93.19606999,92.6463984,"2"
"5R 4/2","grayish red",114.407748,90.27738677,89.21998798,"2"
"5R 4/3","grayish red",122.4431241,87.17447774,85.76614984,"2"
"5R 4/4","grayish red",129.8202978,83.93283399,82.35315726,"2"
"5R 4/6","grayish red",142.8230294,77.07645319,75.94589699,"2"
"5R 4/8","moderate red",155.289364,68.67660825,69.39482315,"2"
"5R 5/1","reddish gray",129.9133454,119.0506709,118.525544,"6"
"5R 5/2","grayish red",138.0709448,116.4784109,115.4225354,"6"
"5R 5/3","grayish red",146.7226723,113.4298898,111.8382779,"6"
"5R 5/4","grayish red",155.0270793,110.1569171,108.085002,"6"
"5R 5/6","grayish red",169.5797012,103.4436564,100.823625,"6"
"5R 5/8","moderate red",183.0052142,95.83213458,93.68549626,"6"
"5R 6/1","reddish gray",155.7052746,144.933069,144.3408367,"6"
"5R 6/2","light grayish red",163.8608944,142.4405275,141.2106639,"6"
"5R 6/3","light grayish red",172.3736353,139.597184,137.5972537,"6"
"5R 6/4","light grayish red",180.7004413,136.5450675,133.7817505,"6"
"5R 6/6","dark pink",196.2089831,130.0173002,126.1428622,"6"
"5R 6/8","deep pink",209.4480522,123.3732269,119.444042,"6"
"5R 7/1","pinkish gray",181.5772334,171.1057748,170.3745,"4"
"5R 7/2","grayish pink",189.6536491,168.7060127,167.1842197,"4"
"5R 7/3","moderate pink",198.2566641,165.9492901,163.4475473,"4"
"5R 7/4","moderate pink",206.7787199,162.9830578,159.5222206,"4"
"5R 7/6","moderate pink",222.8763444,156.6210839,151.8845051,"4"
"5R 7/8","strong yellowish pink",238.4072454,149.4028579,144.1408298,"4"
"5R 8/1","pinkish gray",206.3431557,198.0132477,197.3172031,"4"
"5R 8/2","pale pink",213.7194649,195.9011391,194.3671517,"4"
"5R 8/3","light pink",223.9550122,192.757481,189.8949705,"4"
"5R 8/4","light pink",234.3270205,189.2829899,185.048485,"4"
"5R 8/6","light pink",251.4317145,182.7886254,176.8670234,"4"
"5R 8/8","strong yellowish pink",255,174.9278645,168.0808878,"4"
"7.5R 2.5/1","dark reddish gray",69.39769474,57.00656757,56.33176401,"1"
"7.5R 2.5/2","grayish reddish brown",77.39055844,54.0538558,52.75320112,"1"
"7.5R 2.5/3","moderate reddish brown",84.2771119,50.99057377,49.31280481,"3"
"7.5R 2.5/4","moderate reddish brown",90.4047668,47.7618035,45.96299322,"3"
"7.5R 2.5/6","moderate reddish brown",101.1375135,40.52225294,39.61590531,"3"
"7.5R 2.5/8","dark red",112.0092449,29.73884079,32.76448678,"3"
"7.5R 3/1","dark reddish gray",81.85775765,68.46998142,67.25805602,"1"
"7.5R 3/2","grayish reddish brown",90.54857012,65.37222266,62.95861673,"1"
"7.5R 3/3","moderate reddish brown",98.03683144,62.19832182,58.78620857,"3"
"7.5R 3/4","moderate reddish brown",104.6687424,58.90931516,54.72187983,"3"
"7.5R 3/6","moderate reddish brown",116.1577146,51.78061057,47.11193721,"3"
"7.5R 3/8","dark red",127.3730182,42.20896888,38.70786159,"3"
"7.5R 4/1","dark reddish gray",105.8766539,93.22454018,91.89277788,"2"
"7.5R 4/2","grayish red",114.6358384,90.35041041,87.64448599,"2"
"7.5R 4/3","grayish red",122.7977749,87.27903648,83.18216823,"2"
"7.5R 4/4","grayish red",130.2445462,84.08963986,78.6726913,"2"
"7.5R 4/6","grayish red",143.1554756,77.45768359,70.02751453,"2"
"7.5R 4/8","dark reddish orange",155.3571862,69.49181599,60.73175845,"2"
"7.5R 5/1","reddish gray",130.2328951,119.0486782,117.5301005,"6"
"7.5R 5/2","grayish red",138.5663302,116.5042358,113.4105161,"6"
"7.5R 5/3","grayish red",147.250295,113.5270231,108.7760803,"6"
"7.5R 5/4","grayish red",155.5111126,110.3580792,103.9240911,"6"
"7.5R 5/6","grayish red",169.9188084,103.9079148,94.2633535,"6"
"7.5R 5/8","moderate reddish orange",183.3585765,96.53667722,84.01660209,"6"
"7.5R 6/1","reddish gray",156.2986573,144.8731006,143.052152,"6"
"7.5R 6/2","light grayish red",164.7963004,142.3675791,138.6755334,"6"
"7.5R 6/3","light grayish red",173.34117,139.5912473,133.9506893,"6"
"7.5R 6/4","light grayish red",181.5055578,136.673402,129.1198264,"6"
"7.5R 6/6","dark yellowish pink",196.3127107,130.6062868,119.727427,"6"
"7.5R 6/8","moderate reddish orange",210.12887,123.9248424,109.6550405,"6"
"7.5R 7/1","pinkish gray",182.052472,171.0715554,169.2369047,"4"
"7.5R 7/2","grayish yellowish pink",190.4797844,168.6562744,164.8904712,"4"
"7.5R 7/3","moderate yellowish pink",199.3655848,165.8881165,159.9621063,"4"
"7.5R 7/4","moderate yellowish pink",208.0000336,162.96157,154.8140871,"4"
"7.5R 7/6","moderate yellowish pink",223.6590695,156.9711407,144.6516502,"4"
"7.5R 7/8","strong yellowish pink",239.6862579,149.7426316,133.3903312,"4"
"7.5R 8/1","pinkish gray",206.7306397,197.9997912,196.2838473,"4"
"7.5R 8/2","pale yellowish pink",214.4568536,195.8771819,192.2259673,"4"
"7.5R 8/3","light yellowish pink",225.048781,192.7142335,186.4375972,"4"
"7.5R 8/4","light yellowish pink",235.6851603,189.2407486,180.1494372,"4"
"7.5R 8/6","light yellowish pink",253.0463147,182.8444863,168.8664365,"4"
"7.5R 8/8","strong yellowish pink",255,175.4608319,156.5937986,"4"
"10G 2.5/1","dark greenish gray",53.30654999,61.76037755,59.23081367,"1"
"10G 3/1","dark greenish gray",63.99679663,73.68338036,70.72018778,"1"
"10G 4/1","dark greenish gray",87.42388717,98.54974851,94.91112376,"2"
"10G 5/1","greenish gray",112.1443614,124.2217251,120.1683799,"6"
"10G 6/1","greenish gray",137.1791281,150.3336374,145.7450325,"6"
"10G 7/1","light greenish gray",162.3802076,176.7091857,171.5340653,"4"
"10G 8/1","light greenish gray",188.0152395,203.3968164,197.6479465,"4"
"5BG 2.5/1","dark greenish gray",52.48047168,61.7621931,61.21928619,"1"
"5BG 3/1","dark greenish gray",63.18952064,73.65878296,72.9244066,"1"
"5BG 4/1","dark greenish gray",86.72483203,98.48843738,97.24043313,"2"
"5BG 5/1","greenish gray",111.4234052,124.1551692,122.6306268,"6"
"5BG 6/1","greenish gray",136.5161286,150.2564923,148.1824189,"6"
"5BG 7/1","light greenish gray",161.9061702,176.5836698,173.9602902,"4"
"5BG 8/1","light greenish gray",187.8312893,203.189017,200.1131255,"4"
"10BG 2.5/1","dark bluish gray",52.12792286,61.64229424,63.13796966,"1"
"10BG 3/1","dark bluish gray",62.75816753,73.5374052,75.04898328,"1"
"10BG 4/1","dark bluish gray",86.64032679,98.27282465,99.44664562,"2"
"10BG 5/1","bluish gray",111.5869869,123.8688757,124.8920375,"6"
"10BG 6/1","bluish gray",136.9432855,149.8953716,150.4842078,"6"
"10BG 7/1","light bluish gray",162.7016337,176.1000453,176.4640284,"4"
"10BG 8/1","light bluish gray",188.8202323,202.6384205,202.7303332,"4"
"5B 2.5/1","dark bluish gray",52.45684231,61.3784402,64.74475913,"1"
"5B 3/1","dark bluish gray",63.18421008,73.22236994,76.89467787,"1"
"5B 4/1","dark bluish gray",87.63037061,97.8269051,101.1301823,"2"
"5B 5/1","bluish gray",113.106122,123.2922495,126.4257541,"6"
"5B 6/1","bluish gray",138.7841207,149.225853,152.0175911,"6"
"5B 7/1","light bluish gray",164.8301429,175.3348794,178.0912953,"4"
"5B 8/1","light bluish gray",191.5195174,201.7334825,204.1224997,"4"
"10B 2.5/1","dark bluish gray",54.01955777,60.78744133,66.33669602,"1"
"10B 3/1","dark bluish gray",65.05419644,72.55012247,78.48562541,"1"
"10B 4/1","dark bluish gray",89.90378126,97.07780325,102.3206731,"2"
"10B 5/1","bluish gray",115.4112661,122.5313485,127.5346509,"6"
"10B 6/1","bluish gray",141.2172473,148.4421982,152.9433398,"6"
"10B 7/1","light bluish gray",167.554026,174.4926057,178.7336493,"4"
"10B 8/1","light bluish gray",194.024095,200.9495605,204.7422296,"4"
"5PB 2.5/1","dark bluish gray",56.77615624,59.93635717,67.11448569,"1"
"5PB 3/1","dark bluish gray",68.09889027,71.61918269,79.24740253,"1"
"5PB 4/1","dark bluish gray",92.9602887,96.11962358,103.1247115,"2"
"5PB 5/1","bluish gray",118.5220832,121.5935727,127.9347725,"6"
"5PB 6/1","bluish gray",144.2532978,147.5300331,153.2552144,"6"
"5PB 7/1","light bluish gray",170.4269158,173.6265219,178.9987333,"4"
"5PB 8/1","light bluish gray",196.8295583,200.1065283,204.9447239,"4"
"10GY 2.5/1","dark greenish gray",55.68884629,61.46305422,55.91966239,"1"
"10GY 3/1","dark greenish gray",66.68379093,73.36686851,66.78377376,"1"
"10GY 4/1","dark greenish gray",90.68834018,98.15230697,90.13293548,"2"
"10GY 5/1","greenish gray",115.5188652,123.8386672,114.8657149,"6"
"10GY 6/1","greenish gray",140.4264041,150.0640656,139.6115567,"6"
"10GY 7/1","light greenish gray",166.2967042,176.2825443,165.0802092,"4"
"10GY 8/1","light greenish gray",192.1610413,202.9712629,190.5105193,"4"
"5G 2.5/1","dark greenish gray",54.13133382,61.6895895,57.82449317,"1"
"5G 3/1","dark greenish gray",64.92590464,73.60678852,69.10052003,"1"
"5G 4/1","dark greenish gray",88.43139031,98.47312851,93.05448283,"2"
"5G 5/1","greenish gray",113.0814932,124.1846203,118.0777807,"6"
"5G 6/1","greenish gray",137.8894663,150.3846788,143.3743323,"6"
"5G 7/1","light greenish gray",163.3895726,176.6887152,169.0568164,"4"
"5G 8/1","light greenish gray",188.9626253,203.4154823,194.9428298,"4"
"10R 2.5/1","dark reddish gray",69.2742341826131,57.1658355459886,55.2591522626052,"1"
"10R 2.5/2","grayish reddish brown",77.067430609879,54.4194827494348,50.6099474741673,"1"
"10R 2.5/3","moderate reddish brown",83.839623283448,51.5385139054942,46.162568377065,"3"
"10R 2.5/4","moderate reddish brown",89.8939366738082,48.4899035626602,41.7628117596915,"3"
"10R 2.5/6","moderate reddish brown",100.569016092895,41.6426569244579,32.8667456975224,"3"
"10R 2.5/8","strong reddish brown",111.056893486999,31.922948490752,22.8847481126021,"3"
"10R 3/1","dark reddish gray",81.7608528105639,68.6163217733909,66.2024442589106,"1"
"10R 3/2","grayish reddish brown",90.2406523837892,65.718033428604,60.8822060716261,"1"
"10R 3/3","moderate reddish brown",97.4946396309998,62.762153984932,55.8702549938472,"3"
"10R 3/4","moderate reddish brown",103.945795162909,59.6946285472931,50.9405884836593,"3"
"10R 3/6","moderate reddish brown",115.310850626234,52.9886601753844,40.9057413601881,"3"
"10R 3/8","strong reddish brown",125.992572196465,44.4442465974813,29.6139921355989,"3"
"10R 4/1","dark reddish gray",106.051062519428,93.2914372478723,90.6672640044037,"2"
"10R 4/2","grayish reddish brown",114.811863257159,90.5311336981793,85.1716824155423,"2"
"10R 4/3","moderate reddish brown",122.899564501347,87.6035070859703,79.4204814456091,"2"
"10R 4/4","moderate reddish brown",130.154066451415,84.6210529541384,73.5886713763036,"2"
"10R 4/6","moderate reddish brown",142.314848388001,78.6837927460123,62.2423899660407,"2"
"10R 4/8","dark reddish orange",153.690195930497,71.7042464741893,49.8181273825322,"2"
"10R 5/1","reddish gray",130.578386063262,119.06603689819,116.251787649844,"6"
"10R 5/2","grayish red",139.001968262665,116.606460415848,110.813928421152,"6"
"10R 5/3","light reddish brown",147.361847297146,113.879363101874,104.769622355847,"6"
"10R 5/4","light reddish brown",155.261936663421,111.003213674277,98.4329773592466,"6"
"10R 5/6","grayish reddish orange",169.526091550404,104.912893620156,85.5091685873494,"6"
"10R 5/8","moderate reddish orange",182.312269978593,98.2330729999779,71.9585461659334,"2"
"10R 6/1","reddish gray",156.738455083717,144.857697599131,141.804578445115,"6"
"10R 6/2","light grayish red",165.487007290948,142.380836285135,136.091308754111,"6"
"10R 6/3","light reddish brown",174.102928598427,139.706951718026,129.749309238918,"6"
"10R 6/4","light reddish brown",182.132221338748,136.971256958961,123.246632403505,"6"
"10R 6/6","grayish reddish orange",196.126478272515,131.511654979988,110.888539876329,"6"
"10R 6/8","moderate reddish orange",209.369999809251,125.392038224234,97.7642199837916,"6"
"10R 7/1","pinkish gray",182.266364562082,171.119515670646,168.119686113361,"4"
"10R 7/2","grayish yellowish pink",190.822604904707,168.778826654078,162.5344569323,"4"
"10R 7/3","moderate yellowish pink",199.753429776528,166.140568985478,155.988611900789,"4"
"10R 7/4","moderate yellowish pink",208.377141565436,163.365903690888,149.107621855596,"4"
"10R 7/6","moderate yellowish pink",224.061752346072,157.612133485166,135.680731742794,"4"
"10R 7/8","strong yellowish pink",238.799355127428,151.274890689575,121.44344659004,"4"
"10R 8/1","pinkish gray",207.175605002193,197.965940820969,195.258802080109,"4"
"10R 8/2","pale yellowish pink",215.215653541226,195.85033414454,189.999343078761,"4"
"10R 8/3","light yellowish pink",225.908414402445,192.8017174668,182.43622401306,"4"
"10R 8/4","light yellowish pink",236.407096199167,189.532611241231,174.243026970783,"4"
"10R 8/6","light yellowish pink",253.007266416434,183.712312094417,159.779419752869,"4"
"10R 8/8","strong yellowish pink",255,177.284202211603,144.433936441427,"4"
"10YR 2.5/1","brownish gray",66.2925044810229,58.6038511146573,51.6311096035127,"1"
"10YR 2.5/2","dark grayish yellow brown",71.3987226444624,57.4467191722388,43.2627377582368,"1"
"10YR 2.5/3","dark yellowish brown",75.719677348233,56.3110406859339,34.5841381617044,"1"
"10YR 2.5/4","dark yellowish brown",79.4793798498531,55.1897729753102,24.8847320159449,"3"
"10YR 2.5/6","deep yellowish brown",85.9374278364141,52.9024444594026,0,"5"
"10YR 2.5/8","deep yellowish brown",90.6270947206021,50.9598881250947,0,"5"
"10YR 3/1","brownish gray",78.5757138159372,70.1480235367944,62.2512638281288,"1"
"10YR 3/2","dark grayish yellow brown",84.1608217660215,68.9169696957573,53.0102737487598,"1"
"10YR 3/3","dark yellowish brown",88.7920722715109,67.7322538646369,43.8989958435862,"3"
"10YR 3/4","dark yellowish brown",92.7332555392851,66.5972505752065,34.3415050557061,"3"
"10YR 3/6","deep yellowish brown",99.1874683876271,64.4337398390218,8.49812613600792,"5"
"10YR 3/8","deep yellowish brown",103.802810921027,62.6514970279285,0,"5"
"10YR 4/1","brownish gray",103.6495311692,94.6478944090997,85.3872980398577,"2"
"10YR 4/2","grayish yellowish brown",109.904727165462,93.3722296217955,74.8407651530457,"2"
"10YR 4/3","moderate yellowish brown",115.439176093184,92.0415457509923,64.4253483849851,"2"
"10YR 4/4","moderate yellowish brown",120.12538250698,90.7785641673363,53.9940423046878,"2"
"10YR 4/6","strong yellowish brown",127.123195740168,88.6357275842223,32.7319069573812,"2"
"10YR 4/8","strong yellowish brown",132.169561944251,86.8858179095725,0,"5"
"10YR 5/1","light brownish gray",128.864390654253,120.17721934314,110.933927191157,"6"
"10YR 5/2","grayish yellowish brown",135.233301306445,118.966986727191,100.398460349615,"6"
"10YR 5/3","moderate yellowish brown",141.028098825073,117.712740131933,89.7334211983763,"2"
"10YR 5/4","moderate yellowish brown",146.239385628794,116.46022257667,78.7793024790621,"2"
"10YR 5/6","strong yellowish brown",155.228127141852,113.97886016607,54.8521794879326,"2"
"10YR 5/8","strong yellowish brown",161.579695659905,111.952965126644,27.5103081343464,"2"
"10YR 6/1","light brownish gray",154.918550865825,146.051495323522,135.971027159,"6"
"10YR 6/2","light grayish yellowish brown",161.466200526455,144.891677801898,124.816235403349,"6"
"10YR 6/3","light yellowish brown",167.152673966916,143.766166373458,114.133286635178,"6"
"10YR 6/4","light yellowish brown",172.373351186779,142.619880342119,103.387146757683,"6"
"10YR 6/6","dark orange yellow",182.224639225638,140.106009240147,79.9362642485439,"6"
"10YR 6/8","dark orange yellow",189.688305212509,137.958564181924,54.3724310102612,"6"
"10YR 7/1","yellowish gray",180.926926621827,172.221351072629,161.605107047801,"4"
"10YR 7/2","light grayish yellowish brown",187.586324919954,171.11853146649,149.973732119491,"4"
"10YR 7/3","light yellowish brown",193.685268919735,169.972737078696,138.62288608883,"4"
"10YR 7/4","light yellowish brown",199.246847071788,168.826068911565,127.315922978357,"4"
"10YR 7/6","moderate orange yellow",209.013996592704,166.566799333292,104.171262401128,"4"
"10YR 7/8","moderate orange yellow",217.205222542757,164.363739635365,80.1452456778708,"6"
"10YR 8/1","yellowish gray",207.27032511416,198.740896602996,187.422944722313,"4"
"10YR 8/2","pale orange yellow",213.931578056004,197.722599905087,175.297050777253,"4"
"10YR 8/3","pale orange yellow",220.037271067212,196.648917694803,163.769193757829,"4"
"10YR 8/4","pale orange yellow",225.720232415606,195.542113796179,152.391578012858,"4"
"10YR 8/6","light orange yellow",236.206246669232,193.225022010216,128.999992704364,"4"
"10YR 8/8","light orange yellow",245.347711731095,190.937583264406,103.746148764396,"4"
"2.5YR 2.5/1","brownish gray",68.9263634151252,57.3936409822469,54.309077516674,"1"
"2.5YR 2.5/2","grayish reddish brown",76.3291422373103,54.9384998746997,48.6534381035882,"1"
"2.5YR 2.5/3","moderate reddish brown",82.6932489474867,52.4189674215764,43.0571312161859,"3"
"2.5YR 2.5/4","moderate reddish brown",88.3653373745345,49.7908208183577,37.2947281410493,"3"
"2.5YR 2.5/6","strong brown",98.4532464962617,43.9448571367514,24.3334063098712,"3"
"2.5YR 2.5/8","strong brown",107.62921518803,36.7138192054421,4.75401223664666,"5"
"2.5YR 3/1","brownish gray",81.4092552211645,68.859439440601,65.0966005733762,"1"
"2.5YR 3/2","grayish reddish brown",89.4370202204621,66.2830515414491,58.6483048440854,"1"
"2.5YR 3/3","moderate reddish brown",96.1082729233231,63.761970379249,52.4960463312113,"3"
"2.5YR 3/4","moderate reddish brown",102.018966059849,61.187971203121,46.2562518640449,"3"
"2.5YR 3/6","strong brown",112.667772681764,55.5333270251762,32.1845497521937,"3"
"2.5YR 3/8","strong brown",121.250831035359,49.6958784570329,14.5597362148728,"3"
"2.5YR 4/1","brownish gray",105.992032665808,93.465705788225,89.1763860143925,"2"
"2.5YR 4/2","grayish reddish brown",114.480251308718,90.9493156864275,82.2619053826219,"2"
"2.5YR 4/3","moderate reddish brown",122.102887447865,88.3433680828776,75.3359048425693,"2"
"2.5YR 4/4","moderate reddish brown",128.834872029942,85.7423098875832,68.3797526013283,"2"
"2.5YR 4/6","strong brown",139.93559317502,80.7248889859605,54.464493944544,"2"
"2.5YR 4/8","strong brown",149.838208125228,75.2528083206917,38.3369569222065,"2"
"2.5YR 5/1","light brownish gray",130.811207782883,119.150095727992,114.676433751165,"6"
"2.5YR 5/2","light grayish reddish brown",139.128221937124,116.856113901361,107.818987921063,"6"
"2.5YR 5/3","light reddish brown",146.863676868769,114.452507438821,100.906682451754,"6"
"2.5YR 5/4","light reddish brown",154.098096357988,111.954530368599,93.7666802850883,"6"
"2.5YR 5/6","grayish reddish orange",167.470171642756,106.616072884579,78.1319148980864,"2"
"2.5YR 5/8","brownish orange",179.228658966427,100.944352882713,61.035244264929,"2"
"2.5YR 6/1","light brownish gray",156.980500786258,144.951112450897,140.126960202367,"6"
"2.5YR 6/2","light grayish reddish brown",165.615330163763,142.651526811165,132.916357114151,"6"
"2.5YR 6/3","light reddish brown",173.436850403888,140.358076875039,125.731247044077,"6"
"2.5YR 6/4","light reddish brown",180.793282446804,137.992396327027,118.412409068679,"6"
"2.5YR 6/6","grayish reddish orange",194.932058534841,132.775472930692,102.828993202724,"6"
"2.5YR 6/8","moderate orange",206.987612055918,127.53803238496,87.1375270519698,"6"
"2.5YR 7/1","pinkish gray",182.557313891466,171.195112578198,166.482822173522,"4"
"2.5YR 7/2","grayish yellowish pink",191.115565073372,168.99437412687,159.37832213436,"4"
"2.5YR 7/3","moderate yellowish pink",199.543075373558,166.636576449396,151.723577531007,"4"
"2.5YR 7/4","moderate yellowish pink",207.624554337467,164.175761415593,143.758164284099,"4"
"2.5YR 7/6","moderate orange",222.770986048505,158.940540372478,127.25057062933,"4"
"2.5YR 7/8","moderate orange",235.629095840406,153.778176727613,110.99237862018,"4"
"2.5YR 8/1","pinkish gray",207.802741154356,197.937467547992,193.611721319519,"4"
"2.5YR 8/2","pale yellowish pink",216.051141979915,195.896850091184,186.744301359521,"4"
"2.5YR 8/3","light yellowish pink",226.087903702262,193.207961228768,177.628297983296,"4"
"2.5YR 8/4","light yellowish pink",235.709625654601,190.395886124189,168.049185775837,"4"
"2.5YR 8/6","light orange",251.008778615542,185.321720731763,151.703302931443,"4"
"2.5YR 8/8","light orange",255,179.68565390991,133.412146345841,"4"
"2.5Y 2.5/1","brownish gray",64.8626028981079,59.1423394629348,51.0992399580134,"1"
"2.5Y 2.5/2","moderate olive brown",68.916712152823,58.4673523994838,42.1520113824336,"1"
"2.5Y 2.5/3","moderate olive brown",72.5020132386308,57.7604180524956,32.4085067511744,"1"
"2.5Y 2.5/4","moderate olive brown",75.7049512174918,57.0129401770512,21.1904660570008,"5"
"2.5Y 2.5/6","moderate olive brown",81.502599877501,55.267572628009,0,"5"
"2.5Y 2.5/8","moderate olive brown",85.9912362925982,53.6698548201021,0,"5"
"2.5Y 3/1","brownish gray",77.006993763129,70.7326672580621,61.699607685823,"1"
"2.5Y 3/2","moderate olive brown",81.424054156628,70.0221633469397,51.9046674309354,"1"
"2.5Y 3/3","moderate olive brown",85.2366742109491,69.2839447085942,41.9655953021129,"1"
"2.5Y 3/4","moderate olive brown",88.5258497829302,68.550620097171,31.3139325994868,"3"
"2.5Y 3/6","moderate olive brown",93.9511828889827,67.0925139547621,0.700708880222755,"5"
"2.5Y 3/8","moderate olive brown",97.9195394252692,65.8682489009499,0,"5"
"2.5Y 4/1","brownish gray",102.123810682113,95.2306590109987,84.6083117843445,"2"
"2.5Y 4/2","moderate olive brown",107.144253606948,94.4924677110499,73.3239789374654,"2"
"2.5Y 4/3","moderate olive brown",111.640605110322,93.6737623453092,62.0847760197282,"2"
"2.5Y 4/4","moderate olive brown",115.441867949722,92.8881590721468,50.7172856132695,"2"
"2.5Y 4/6","moderate olive brown",121.033801212183,91.5677562771416,26.5794044569371,"5"
"2.5Y 4/8","moderate olive brown",125.135491859807,90.4404538069307,0,"5"
"2.5Y 5/1","light brownish gray",127.551301650515,120.698721611556,109.984942679609,"6"
"2.5Y 5/2","light olive brown",132.765050913906,119.989683532911,98.5354454423893,"6"
"2.5Y 5/3","light olive brown",137.470967286439,119.244853035652,86.8993265311432,"2"
"2.5Y 5/4","light olive brown",141.679588759135,118.491897433167,74.9138371551194,"2"
"2.5Y 5/6","light olive brown",148.917706220764,116.95640471835,48.3016055743232,"2"
"2.5Y 5/8","light olive brown",153.818431418042,115.721207647751,15.2145839141049,"2"
"2.5Y 6/1","light brownish gray",153.297606625887,146.692754945065,134.76648244777,"6"
"2.5Y 6/2","light olive brown",158.508600517553,146.102656699332,122.530049160104,"6"
"2.5Y 6/3","dark grayish yellow",163.244257521732,145.416976434206,110.976909416456,"6"
"2.5Y 6/4","dark grayish yellow",167.61396814958,144.686824574184,99.3708469859103,"6"
"2.5Y 6/6","dark yellow",175.565909799248,143.149339570254,73.5629217853291,"6"
"2.5Y 6/8","deep yellow",181.950296519714,141.641634672315,44.5696354422642,"6"
"2.5Y 7/1","yellowish gray",179.280586233185,172.884405219713,160.217717676061,"4"
"2.5Y 7/2","grayish yellow",184.594292540775,172.351753448251,147.418730744939,"4"
"2.5Y 7/3","grayish yellow",189.830968887865,171.588631182657,135.415733258717,"4"
"2.5Y 7/4","grayish yellow",194.67705328558,170.776695976506,123.572047675346,"4"
"2.5Y 7/6","moderate yellow",202.833548280763,169.313044475669,98.7653499753426,"6"
"2.5Y 7/8","strong yellow",209.206554754029,168.039832810882,72.0944832348825,"6"
"2.5Y 8/1","yellowish gray",205.832871609825,199.354744369972,185.833548378241,"4"
"2.5Y 8/2","pale yellow",211.176573510421,198.899638957234,172.384741553485,"4"
"2.5Y 8/3","pale yellow",216.035401235562,198.320488836511,160.250917467132,"4"
"2.5Y 8/4","pale yellow",220.605030780738,197.674689998495,148.382779967888,"4"
"2.5Y 8/6","light yellow",229.265038604601,196.256353609659,122.864741757838,"4"
"2.5Y 8/8","brilliant yellow",236.646705442851,194.79096104348,96.8117342744754,"4"
"5Y 2.5/1","olive gray",63.474806132402,59.6133049017494,50.9644144098403,"1"
"5Y 2.5/2","grayish olive",66.5115835579559,59.3461705587012,41.8123376851884,"1"
"5Y 2.5/3","moderate olive",69.4109996954396,58.9877110194757,31.4080778291255,"1"
"5Y 2.5/4","moderate olive",72.0062873962276,58.5829574854881,18.9292069622501,"5"
"5Y 2.5/6","moderate olive",76.4446459783273,57.6410298170544,0,"5"
"5Y 2.5/8","moderate olive",79.0926217371718,57.1666485736355,0,"5"
"5Y 3/1","olive gray",75.4413812397511,71.2651968385606,61.5065868721549,"1"
"5Y 3/2","grayish olive",78.7015062315035,71.0097675225404,51.497035094354,"1"
"5Y 3/3","moderate olive",81.7072927211737,70.6560279499352,41.0282477882932,"1"
"5Y 3/4","moderate olive",84.3464261672901,70.2681412763827,29.5736256692059,"5"
"5Y 3/6","moderate olive",88.6582841152393,69.4466392569431,0,"5"
"5Y 3/8","moderate olive",91.6327289321625,68.8583619040518,0,"5"
"5Y 4/1","olive gray",100.448984786789,95.8079469005579,84.2538784101408,"2"
"5Y 4/2","grayish olive",104.161576062158,95.5777445991169,72.5900180655305,"2"
"5Y 4/3","moderate olive",107.605873999821,95.2333557652122,60.640074004599,"2"
"5Y 4/4","moderate olive",110.561206272728,94.8640419954431,48.3735537279699,"2"
"5Y 4/6","moderate olive",114.999082110552,94.1547857246885,21.3380610772524,"5"
"5Y 4/8","moderate olive",118.20918227806,93.5096431143369,0,"5"
"5Y 5/1","light olive gray",125.631945553837,121.371919989484,109.367276373661,"6"
"5Y 5/2","light grayish olive",129.336948494156,121.241742308937,97.3247803391727,"2"
"5Y 5/3","light olive",132.990435723724,120.960279254892,84.9204713249784,"2"
"5Y 5/4","light olive",136.354015517396,120.608601461004,72.1034337019676,"2"
"5Y 5/6","light olive",142.138134513235,119.787007635889,43.594190488061,"2"
"5Y 5/8","light olive",145.896604175085,119.12514611976,1.96330843110457,"5"
"5Y 6/1","light olive gray",151.668959861901,147.270211507632,134.131906874644,"6"
"5Y 6/2","light grayish olive",155.455540897654,147.217336222316,121.27522609923,"6"
"5Y 6/3","dark grayish yellow",158.792589871279,147.090854831491,108.978324715175,"6"
"5Y 6/4","dark grayish yellow",161.95431360207,146.873765752103,96.5755777021001,"6"
"5Y 6/6","dark yellow",168.325058044463,146.097699623867,68.8663668632075,"6"
"5Y 6/8","deep yellow",172.864407114552,145.458370477885,36.0434574292916,"2"
"5Y 7/1","yellowish gray",177.872823276511,173.386813390316,159.609844306527,"4"
"5Y 7/2","grayish yellow",181.772830524733,173.382059305439,146.157667901869,"4"
"5Y 7/3","grayish yellow",185.151079760148,173.338362928919,133.219854369338,"4"
"5Y 7/4","grayish yellow",188.25980039422,173.228498919775,120.403467669225,"4"
"5Y 7/6","moderate yellow",194.2157531084,172.732679653404,93.8967095268494,"6"
"5Y 7/8","strong yellow",199.343953982556,172.067255663434,65.2903703803224,"6"
"5Y 8/1","yellowish gray",204.394502615356,199.887700600727,184.994517722035,"4"
"5Y 8/2","pale yellow",208.314681913959,199.970263336665,170.739078008329,"4"
"5Y 8/3","pale yellow",211.417834924566,200.053902467181,157.747047762344,"4"
"5Y 8/4","pale yellow",214.302172353725,200.059429273921,145.068752703435,"4"
"5Y 8/6","light yellow",220.482385016164,199.662108826687,118.221159168302,"4"
"5Y 8/8","brilliant yellow",225.760562284725,199.158821363405,89.5554890699611,"4"
"5YR 2.5/1","brownish gray",68.2715179019962,57.7379312138306,53.2860408225672,"1"
"5YR 2.5/2","grayish brown",75.0260240582036,55.6927181769569,46.5856887814579,"1"
"5YR 2.5/3","moderate brown",80.7177221722551,53.6657548091343,39.8709443760735,"3"
"5YR 2.5/4","moderate brown",85.7581406215073,51.5958548088664,32.7442527375706,"3"
"5YR 2.5/6","strong brown",94.774967156909,47.0739185197296,14.3400298915465,"5"
"5YR 2.5/8","strong brown",102.536000542006,42.0695004524455,0,"5"
"5YR 3/1","brownish gray",80.7091744747191,69.2289202135366,63.9561025391841,"1"
"5YR 3/2","grayish brown",88.0470406348335,67.076449667608,56.4113377217341,"1"
"5YR 3/3","moderate brown",94.0603115391791,65.0115095493165,49.2835706532873,"3"
"5YR 3/4","moderate brown",99.3267272493767,62.9491909193212,42.0014390310578,"3"
"5YR 3/6","strong brown",108.650247153436,58.6008417364224,24.5541236710283,"3"
"5YR 3/8","strong brown",115.637989344031,54.6133804249614,0,"5"
"5YR 4/1","brownish gray",105.54056886869,93.7633803674138,87.7943111863539,"2"
"5YR 4/2","grayish brown",113.504040212833,91.5926052448995,79.523910404797,"2"
"5YR 4/3","moderate brown",120.579009023304,89.3702359545802,71.2487275302932,"2"
"5YR 4/4","moderate brown",126.700476507856,87.2087961252884,62.9726444638567,"2"
"5YR 4/6","strong brown",136.374392692111,83.2608495500417,46.6529035672179,"2"
"5YR 4/8","strong brown",144.414946307678,79.3514562860012,27.3584176099431,"2"
"5YR 5/1","light brownish gray",130.50589062325,119.387230285816,113.365016686218,"6"
"5YR 5/2","light grayish brown",138.395824869397,117.383468089859,105.175771087693,"6"
"5YR 5/3","light brown",145.511915701775,115.372551148469,96.8160694537121,"6"
"5YR 5/4","light brown",152.083773711341,113.313916542292,88.2017830392419,"6"
"5YR 5/6","brownish orange",164.29680148476,108.8564306356,69.6038386312673,"2"
"5YR 5/8","brownish orange",174.240622691763,104.545041606663,49.4558780001866,"2"
"5YR 6/1","light brownish gray",156.630230652713,145.21443435927,138.698258661356,"6"
"5YR 6/2","light grayish brown",164.821289211306,143.212421719952,130.113600409899,"6"
"5YR 6/3","light brown",172.101905831798,141.249184237976,121.730808351295,"6"
"5YR 6/4","light brown",178.862866419587,139.258965778114,113.164330064418,"6"
"5YR 6/6","moderate orange",191.636411580946,135.006862418128,94.2282721616483,"6"
"5YR 6/8","moderate orange",202.490654940888,130.750872180318,74.7762292862696,"6"
"5YR 7/1","pinkish gray",182.584795541398,171.367781316291,164.720805335573,"4"
"5YR 7/2","brownish pink",190.882054251298,169.41065229795,155.986527493021,"4"
"5YR 7/3","moderate yellowish pink",198.565319166943,167.439731077085,147.098594653636,"4"
"5YR 7/4","moderate yellowish pink",205.765888237235,165.436918102283,138.012337371902,"4"
"5YR 7/6","moderate orange",219.20760090073,161.223261103328,118.922853893178,"4"
"5YR 7/8","moderate orange",230.274093967241,157.229843770674,100.28664251635,"4"
"5YR 8/1","pinkish gray",208.390210220095,197.991342829435,191.264959410585,"4"
"5YR 8/2","pale yellowish pink",216.570639202699,196.147913232289,182.428038097489,"4"
"5YR 8/3","light yellowish pink",225.138420314698,194.037496086918,172.5652534398,"4"
"5YR 8/4","light yellowish pink",233.225443847704,191.874347901915,162.491853242802,"4"
"5YR 8/6","light orange",247.056711899946,187.71341105327,143.626316932563,"4"
"5YR 8/8","light orange",255,183.243084932978,121.699347515256,"4"
"7.5YR 2.5/1","brownish gray",67.4507044031803,58.126334131161,52.3511244928481,"1"
"7.5YR 2.5/2","grayish brown",73.4535895769688,56.5103292283603,44.7101154638956,"1"
"7.5YR 2.5/3","moderate brown",78.4160991204969,54.9628206969771,36.9708822910003,"3"
"7.5YR 2.5/4","moderate brown",82.7473365898899,53.4276219821352,28.5401032563127,"3"
"7.5YR 2.5/6","strong brown",90.3690662047824,50.2038157703506,3.33322210796578,"5"
"7.5YR 2.5/8","strong brown",95.9722822665689,47.3963053260201,0,"5"
"7.5YR 3/1","brownish gray",79.9090378882007,69.6008048167002,63.0873998660367,"1"
"7.5YR 3/2","grayish brown",86.5289563456954,67.8514460129644,54.6493880147825,"1"
"7.5YR 3/3","moderate brown",91.902054257043,66.2152007186543,46.4240631084667,"3"
"7.5YR 3/4","moderate brown",96.4673145537732,64.6507910887197,37.9286223469563,"3"
"7.5YR 3/6","strong brown",104.055391995414,61.6161520247146,17.2317281522331,"5"
"7.5YR 3/8","strong brown",109.622901748696,59.007846791816,0,"5"
"7.5YR 4/1","brownish gray",104.923389127219,94.0790566519995,86.7693612113128,"2"
"7.5YR 4/2","grayish brown",112.267630391001,92.2595949271698,77.4425720072442,"2"
"7.5YR 4/3","moderate brown",118.685729000155,90.4522363132314,67.8797091531917,"2"
"7.5YR 4/4","moderate brown",124.116919546152,88.7465258820709,58.2724744343274,"2"
"7.5YR 4/6","strong brown",132.396598324623,85.744840049433,39.7277662134777,"2"
"7.5YR 4/8","strong brown",138.68576295871,83.1356884208808,14.5447740188366,"5"
"7.5YR 5/1","light brownish gray",129.90034932984,119.694966062811,112.32991860705,"6"
"7.5YR 5/2","light grayish brown",137.223188289101,118.008238009899,103.101264973098,"6"
"7.5YR 5/3","light brown",143.877235842197,116.298662752897,93.6090481636853,"6"
"7.5YR 5/4","light brown",149.925939579746,114.581299521862,83.8055284825523,"2"
"7.5YR 5/6","strong yellowish brown",160.669595427344,111.065316690371,62.5966895637694,"2"
"7.5YR 5/8","strong yellowish brown",168.670470191153,108.036573642467,39.1618671716162,"2"
"7.5YR 6/1","light brownish gray",156.075979921875,145.524812208976,137.446112521333,"6"
"7.5YR 6/2","light grayish brown",163.698559321682,143.845527375306,127.673712183272,"6"
"7.5YR 6/3","light brown",170.444834786781,142.193866641261,118.232050898843,"6"
"7.5YR 6/4","light brown",176.591540833025,140.556006008568,108.657330895114,"6"
"7.5YR 6/6","dark orange yellow",187.689927697993,137.265853881589,87.646474562919,"6"
"7.5YR 6/8","dark orange yellow",196.944447684931,134.079184672107,65.0808890786933,"6"
"7.5YR 7/1","yellowish gray",182.073258391247,171.689012469643,163.208036341207,"4"
"7.5YR 7/2","brownish pink",189.812058738778,170.063501918585,153.082253809415,"4"
"7.5YR 7/3","light yellowish brown",196.942710282543,168.40292827595,143.110986914073,"4"
"7.5YR 7/4","light yellowish brown",203.487776553358,166.753652608873,133.041877487127,"4"
"7.5YR 7/6","moderate orange yellow",215.06155611994,163.548893433968,111.839956799557,"4"
"7.5YR 7/8","moderate orange yellow",224.636503572649,160.51651924019,90.3413158852765,"4"
"7.5YR 8/1","yellowish gray",208.190775993568,198.251181439577,189.352885564187,"4"
"7.5YR 8/2","pale yellowish pink",215.843447233638,196.738812310242,178.892541124985,"4"
"7.5YR 8/3","pale orange yellow",223.139852368352,195.152287637685,168.296671826037,"4"
"7.5YR 8/4","pale orange yellow",230.00252660129,193.523294760058,157.679097862546,"4"
"7.5YR 8/6","light orange yellow",242.618333930373,190.115840669975,136.605449239645,"4"
"7.5YR 8/8","light orange yellow",253.75171197549,186.779326186054,112.989461383075,"4"
"10Y 2.5/1","olive gray",60.8354100329158,60.3894087952021,51.5743002857766,"1"
"10Y 2.5/2","grayish olive",61.7024420612282,60.8330671044936,42.8973664730217,"1"
"10Y 2.5/3","moderate olive",62.5940554790385,61.2250319453964,32.4692037987673,"1"
"10Y 2.5/4","moderate olive",63.3894147661819,61.5543894878094,19.482567045106,"5"
"10Y 2.5/6","moderate olive",64.6281241593594,62.0529449658892,0,"5"
"10Y 2.5/8","moderate olive",64.0036778940056,62.9010768702473,0,"5"
"10Y 3/1","olive gray",72.5926181649904,72.1221656679387,61.9233054255792,"1"
"10Y 3/2","grayish olive",73.5490955481452,72.6263955795543,52.2069933877522,"1"
"10Y 3/3","moderate olive",74.5352299941959,73.033512241895,41.3341374983732,"1"
"10Y 3/4","moderate olive",75.3713419881434,73.3641954582254,29.1483670352164,"1"
"10Y 3/6","moderate olive",76.4390403657389,73.8681501347293,0,"5"
"10Y 3/8","moderate olive",77.3069218695367,74.2065515100168,0,"5"
"10Y 4/1","olive gray",97.3253748359331,96.7378224697944,84.7606082579096,"2"
"10Y 4/2","grayish olive",98.4673154179996,97.3404994872578,73.4570713154723,"2"
"10Y 4/3","moderate olive",99.5829406944052,97.8490998329174,61.1383619038007,"2"
"10Y 4/4","moderate olive",100.532173656056,98.2585588463355,48.1791919008623,"2"
"10Y 4/6","moderate olive",101.836554068244,98.8176323590774,18.1554326256391,"5"
"10Y 4/8","moderate olive",102.623678562939,99.177903441993,0,"5"
"10Y 5/1","light olive gray",122.890564176637,122.197748013645,109.629756258647,"6"
"10Y 5/2","light grayish olive",124.159860094805,122.849042830343,97.7567755090497,"2"
"10Y 5/3","light olive",125.351747289772,123.429454494979,85.0541753925712,"2"
"10Y 5/4","light olive",126.396686063925,123.924249893409,71.794839728562,"2"
"10Y 5/6","light olive",128.026338797862,124.671493324222,42.3283334875129,"2"
"10Y 5/8","light olive",129.16333874044,125.098588116414,0,"5"
"10Y 6/1","light olive gray",148.927318187618,148.121717586168,134.09676262884,"6"
"10Y 6/2","light grayish olive",150.337111840733,148.836351923659,121.215299555506,"6"
"10Y 6/3","light olive",151.541223354999,149.432924463977,108.752217759843,"6"
"10Y 6/4","light olive",152.615241954131,149.948601168975,96.0818074147595,"6"
"10Y 6/6","dark greenish yellow",154.52428096522,150.806661464777,67.4363326912877,"6"
"10Y 6/8","deep greenish yellow",155.8595613666,151.426677435707,30.6425729551204,"2"
"10Y 7/1","yellowish gray",175.049025991374,174.269786430913,159.48645250068,"4"
"10Y 7/2","grayish yellow green",176.529246088663,175.045685278932,145.939321785303,"4"
"10Y 7/3","grayish greenish yellow",177.857189944623,175.693546338809,132.783177390893,"4"
"10Y 7/4","grayish greenish yellow",179.064368586659,176.240274153867,119.745875741289,"6"
"10Y 7/6","moderate greenish yellow",181.216268968721,177.084079831431,93.0754376137864,"6"
"10Y 7/8","strong greenish yellow",182.826172482701,177.792165205621,61.4359371720347,"6"
"10Y 8/1","yellowish gray",201.71210047334,200.769159659568,184.421791821268,"4"
"10Y 8/2","pale yellow green",203.373023764575,201.599791257308,169.760697027756,"4"
"10Y 8/3","pale greenish yellow",204.777243137751,202.236062829922,156.70251418407,"4"
"10Y 8/4","pale greenish yellow",206.013910630425,202.787430046504,143.969415212683,"4"
"10Y 8/6","light greenish yellow",208.118098384276,203.815346276715,116.282831232002,"4"
"10Y 8/8","brilliant greenish yellow",209.90951353759,204.570983912245,86.575419680816,"4"
"5GY 2.5/1","dark greenish gray",58.2113363747414,61.0008668336364,53.3779105324799,"1"
"5GY 2.5/2","grayish olive green",56.5017562274446,62.0611217539802,46.5543669566396,"1"
"5GY 2.5/3","moderate olive green",54.4645995809331,63.1732200066348,38.3822143771307,"1"
"5GY 2.5/4","moderate olive green",52.1708153047682,64.2553589613249,28.9188519512057,"1"
"5GY 2.5/6","moderate olive green",46.6619061252007,66.3029265689258,0,"5"
"5GY 2.5/8","strong olive green",41.908784899666,67.8525940753573,0,"5"
"5GY 3/1","dark greenish gray",69.6734653858844,72.8133463338384,63.8161536270035,"1"
"5GY 3/2","grayish olive green",67.8074446216033,74.0097621918925,55.90098865179,"1"
"5GY 3/3","moderate olive green",65.5102574281729,75.2663429592717,46.6833565246855,"1"
"5GY 3/4","moderate olive green",63.1511130258282,76.4070781684985,36.6900705367096,"1"
"5GY 3/6","moderate olive green",58.5507717326992,78.2626453630247,11.7269956498563,"5"
"5GY 3/8","strong olive green",53.4356239064046,79.9132462567485,0,"5"
"5GY 4/1","dark greenish gray",94.1288088990847,97.4939207158001,86.8544567641988,"2"
"5GY 4/2","grayish olive green",92.2551670273711,98.8358604207303,77.5330902914834,"2"
"5GY 4/3","moderate olive green",90.0880815430891,100.196812184753,67.0161398795605,"2"
"5GY 4/4","moderate olive green",87.8488594044292,101.438605801491,56.0031535372091,"2"
"5GY 4/6","moderate olive green",83.2301511923769,103.521204909487,32.5772993981988,"5"
"5GY 4/8","deep yellow green",78.8341477091905,105.185807326334,0,"5"
"5GY 5/1","greenish gray",119.470024135195,123.044939852783,111.451404144604,"6"
"5GY 5/2","grayish yellow green",117.593025139516,124.472128603242,101.492569475136,"2"
"5GY 5/3","moderate yellow green",115.700040156747,125.80363151345,91.1235746807943,"2"
"5GY 5/4","moderate yellow green",113.696191496578,127.062022493772,80.3034952946885,"2"
"5GY 5/6","moderate yellow green",109.033044761905,129.460538961213,55.9926918836516,"2"
"5GY 5/8","strong yellow green",104.613643894638,131.374266764682,24.2783650216874,"2"
"5GY 6/1","greenish gray",145.274926725843,149.061894166248,135.678442764717,"6"
"5GY 6/2","grayish yellow green",143.414002576168,150.612253080215,124.411325211921,"6"
"5GY 6/3","moderate yellow green",141.640032262462,151.97224289325,113.553134387309,"6"
"5GY 6/4","moderate yellow green",139.804708578248,153.232768097425,102.656058521327,"6"
"5GY 6/6","moderate yellow green",135.580894093314,155.640340880939,79.2038314342789,"6"
"5GY 6/8","strong yellow green",130.96238399874,157.837000567911,50.1777405383276,"2"
"5GY 7/1","light greenish gray",171.708103113644,175.15217389879,160.716385602035,"4"
"5GY 7/2","grayish yellow green",170.054379435899,176.743096968108,148.553339697718,"4"
"5GY 7/3","moderate yellow green",168.10224502941,178.222905195206,137.200715190433,"4"
"5GY 7/4","moderate yellow green",166.108628511509,179.579846975029,126.131751157446,"6"
"5GY 7/6","moderate yellow green",162.396722258821,181.939699726401,103.497829638547,"6"
"5GY 7/8","strong yellow green",158.389147713711,184.12977672949,77.1221933562995,"6"
"5GY 8/1","light greenish gray",198.312207392934,201.660197740589,185.762270957607,"4"
"5GY 8/2","pale yellow green",196.904904662652,203.29443799609,172.453273911731,"4"
"5GY 8/3","light yellow green",195.475228217577,204.680797266924,160.667302564112,"4"
"5GY 8/4","light yellow green",193.903638043268,205.977299735055,149.258152366439,"4"
"5GY 8/6","light yellow green",190.032823773555,208.573732698492,124.928500005903,"4"
"5GY 8/8","brilliant yellow green",185.889000832603,210.877110037258,99.8159447868015,"4"
"5R 2.5/1","dark reddish gray",69.3063658982815,56.9447330694054,57.2304811509323,"1"
"5R 2.5/2","dark grayish red",77.3175155726412,53.8879201013308,54.6149711692156,"1"
"5R 2.5/3","dark red",84.1947813853002,50.7152944164489,52.2852428270521,"3"
"5R 2.5/4","dark red",90.3378184110175,47.3524360472893,50.1114077798256,"3"
"5R 2.5/6","dark red",101.129577832078,39.7817407462375,46.0955117431439,"3"
"5R 2.5/8","dark red",112.617000171674,27.6372807046091,41.8227863878345,"3"
"5R 3/1","dark reddish gray",81.736058638511,68.4128285850237,68.2218412430458,"1"
"5R 3/2","dark grayish red",90.4648673925945,65.2030888673939,64.9213484460461,"1"
"5R 3/3","dark red",98.0907620150578,61.8552631416869,61.8060656486361,"3"
"5R 3/4","dark red",104.854262785515,58.3712998490465,58.8264479990338,"3"
"5R 3/6","dark red",116.310681048584,51.0004005880311,53.3801156907634,"3"
"5R 3/8","dark red",128.02892033791,40.4641910260995,47.6184181750751,"3"
"5R 4/1","dark reddish gray",105.730333255801,93.1960699905124,92.6463983974999,"2"
"5R 4/2","grayish red",114.407748020646,90.2773867701178,89.21998798361,"2"
"5R 4/3","grayish red",122.443124136789,87.1744777433159,85.7661498358276,"2"
"5R 4/4","grayish red",129.820297777505,83.932833985706,82.3531572594109,"2"
"5R 4/6","grayish red",142.823029445124,77.0764531909509,75.9458969887782,"2"
"5R 4/8","moderate red",155.289364041218,68.6766082497859,69.3948231477278,"2"
"5R 5/1","reddish gray",129.913345401986,119.050670882157,118.525543986915,"6"
"5R 5/2","grayish red",138.070944799709,116.478410923677,115.422535403815,"6"
"5R 5/3","grayish red",146.722672261296,113.429889784667,111.838277928498,"6"
"5R 5/4","grayish red",155.027079308409,110.1569170909,108.085002045494,"6"
"5R 5/6","grayish red",169.579701247319,103.443656403472,100.823625012471,"6"
"5R 5/8","moderate red",183.005214213748,95.832134584435,93.6854962561034,"6"
"5R 6/1","reddish gray",155.705274593654,144.933068988888,144.340836735051,"6"
"5R 6/2","light grayish red",163.860894427911,142.440527486996,141.210663881587,"6"
"5R 6/3","light grayish red",172.373635331134,139.597184043182,137.597253687185,"6"
"5R 6/4","light grayish red",180.700441318804,136.545067467909,133.781750487832,"6"
"5R 6/6","dark pink",196.208983054182,130.017300213877,126.142862205929,"6"
"5R 6/8","deep pink",209.448052231531,123.37322693323,119.444042016105,"6"
"5R 7/1","pinkish gray",181.577233378321,171.105774827218,170.374499968764,"4"
"5R 7/2","grayish pink",189.65364906124,168.70601269569,167.184219689164,"4"
"5R 7/3","moderate pink",198.256664109318,165.949290148261,163.447547326732,"4"
"5R 7/4","moderate pink",206.778719913259,162.983057826016,159.522220641029,"4"
"5R 7/6","moderate pink",222.876344392212,156.621083877115,151.88450514196,"4"
"5R 7/8","strong yellowish pink",238.407245413599,149.402857864927,144.140829820762,"4"
"5R 8/1","pinkish gray",206.343155677215,198.013247674113,197.317203135876,"4"
"5R 8/2","pale pink",213.719464871307,195.901139082896,194.367151709361,"4"
"5R 8/3","light pink",223.955012160631,192.757480960421,189.894970456602,"4"
"5R 8/4","light pink",234.32702049792,189.282989891974,185.048484969451,"4"
"5R 8/6","light pink",251.431714466218,182.788625395759,176.867023367907,"4"
"5R 8/8","strong yellowish pink",255,174.927864511765,168.080887786869,"4"
"7.5R 2.5/1","dark reddish gray",69.3976947397071,57.006567574428,56.3317640051432,"1"
"7.5R 2.5/2","grayish reddish brown",77.3905584435209,54.0538558023623,52.7532011213283,"1"
"7.5R 2.5/3","moderate reddish brown",84.2771118999657,50.9905737749205,49.3128048089376,"3"
"7.5R 2.5/4","moderate reddish brown",90.4047667966821,47.7618035003629,45.9629932247275,"3"
"7.5R 2.5/6","moderate reddish brown",101.137513546392,40.5222529357018,39.6159053126556,"3"
"7.5R 2.5/8","dark red",112.009244892094,29.7388407852885,32.7644867808513,"3"
"7.5R 3/1","dark reddish gray",81.8577576473161,68.4699814190294,67.2580560213336,"1"
"7.5R 3/2","grayish reddish brown",90.5485701176439,65.3722226570506,62.9586167324924,"1"
"7.5R 3/3","moderate reddish brown",98.0368314410338,62.1983218178667,58.7862085724805,"3"
"7.5R 3/4","moderate reddish brown",104.668742357726,58.9093151594661,54.7218798255843,"3"
"7.5R 3/6","moderate reddish brown",116.157714580414,51.780610568411,47.1119372142429,"3"
"7.5R 3/8","dark red",127.373018155036,42.2089688838858,38.7078615896545,"3"
"7.5R 4/1","dark reddish gray",105.876653923067,93.2245401841894,91.8927778775747,"2"
"7.5R 4/2","grayish red",114.635838384106,90.3504104088993,87.6444859937782,"2"
"7.5R 4/3","grayish red",122.797774875081,87.2790364831152,83.1821682258583,"2"
"7.5R 4/4","grayish red",130.244546186636,84.0896398575995,78.6726913035788,"2"
"7.5R 4/6","grayish red",143.155475627043,77.4576835890588,70.0275145284119,"2"
"7.5R 4/8","dark reddish orange",155.357186158205,69.4918159898048,60.7317584543579,"2"
"7.5R 5/1","reddish gray",130.232895139331,119.048678230158,117.530100549272,"6"
"7.5R 5/2","grayish red",138.566330181302,116.504235834278,113.410516127047,"6"
"7.5R 5/3","grayish red",147.250295019392,113.527023094164,108.776080281315,"6"
"7.5R 5/4","grayish red",155.511112557908,110.358079181767,103.924091120998,"6"
"7.5R 5/6","grayish red",169.918808368994,103.907914823716,94.2633534998764,"6"
"7.5R 5/8","moderate reddish orange",183.358576451755,96.5366772227173,84.0166020881407,"6"
"7.5R 6/1","reddish gray",156.298657309033,144.873100644147,143.052152030243,"6"
"7.5R 6/2","light grayish red",164.796300398264,142.367579074924,138.675533391315,"6"
"7.5R 6/3","light grayish red",173.341169958692,139.591247260923,133.950689253286,"6"
"7.5R 6/4","light grayish red",181.505557767489,136.673402020493,129.119826387117,"6"
"7.5R 6/6","dark yellowish pink",196.31271065649,130.606286841364,119.727426979482,"6"
"7.5R 6/8","moderate reddish orange",210.128869998382,123.92484235755,109.655040512118,"6"
"7.5R 7/1","pinkish gray",182.052471995603,171.071555357628,169.236904679032,"4"
"7.5R 7/2","grayish yellowish pink",190.479784381274,168.656274376705,164.890471177583,"4"
"7.5R 7/3","moderate yellowish pink",199.365584780986,165.888116498803,159.962106293188,"4"
"7.5R 7/4","moderate yellowish pink",208.000033618715,162.961569950531,154.814087115535,"4"
"7.5R 7/6","moderate yellowish pink",223.659069513351,156.971140706648,144.651650169416,"4"
"7.5R 7/8","strong yellowish pink",239.686257883182,149.7426315516,133.390331174762,"4"
"7.5R 8/1","pinkish gray",206.730639650148,197.999791191205,196.283847270041,"4"
"7.5R 8/2","pale yellowish pink",214.456853626692,195.877181927962,192.225967266734,"4"
"7.5R 8/3","light yellowish pink",225.048781044402,192.714233496229,186.4375971782,"4"
"7.5R 8/4","light yellowish pink",235.685160273313,189.240748594815,180.149437233932,"4"
"7.5R 8/6","light yellowish pink",253.046314711993,182.844486304581,168.866436529465,"4"
"7.5R 8/8","strong yellowish pink",255,175.460831857195,156.59379859788,"4"
"10G 2.5/1","dark greenish gray",53.3065499948534,61.7603775469604,59.230813673069,"1"
"10G 3/1","dark greenish gray",63.9967966255867,73.6833803585655,70.7201877798376,"1"
"10G 4/1","dark greenish gray",87.4238871742607,98.5497485099959,94.9111237617759,"2"
"10G 5/1","greenish gray",112.144361372649,124.221725055779,120.168379866713,"6"
"10G 6/1","greenish gray",137.179128086951,150.333637430118,145.745032452573,"6"
"10G 7/1","light greenish gray",162.380207599783,176.709185676516,171.534065257479,"4"
"10G 8/1","light greenish gray",188.015239499714,203.396816380795,197.64794646345,"4"
"5BG 2.5/1","dark greenish gray",52.4804716823814,61.7621930954761,61.2192861870027,"1"
"5BG 3/1","dark greenish gray",63.1895206384056,73.6587829573139,72.9244065970614,"1"
"5BG 4/1","dark greenish gray",86.7248320297208,98.4884373839324,97.2404331317805,"2"
"5BG 5/1","greenish gray",111.423405216448,124.155169171205,122.630626787046,"6"
"5BG 6/1","greenish gray",136.516128627602,150.256492253016,148.182418872462,"6"
"5BG 7/1","light greenish gray",161.906170219897,176.583669820409,173.960290237218,"4"
"5BG 8/1","light greenish gray",187.831289265731,203.189016950812,200.113125523135,"4"
"10BG 2.5/1","dark bluish gray",52.1279228579515,61.6422942398477,63.1379696592365,"1"
"10BG 3/1","dark bluish gray",62.7581675300153,73.5374052039736,75.0489832801817,"1"
"10BG 4/1","dark bluish gray",86.6403267904059,98.272824650545,99.4466456172239,"2"
"10BG 5/1","bluish gray",111.586986852314,123.86887574657,124.892037483586,"6"
"10BG 6/1","bluish gray",136.943285487696,149.895371561735,150.484207830987,"6"
"10BG 7/1","light bluish gray",162.701633728462,176.100045338092,176.46402835124,"4"
"10BG 8/1","light bluish gray",188.820232267086,202.638420479251,202.730333156489,"4"
"5B 2.5/1","dark bluish gray",52.4568423104272,61.3784402048263,64.7447591260266,"1"
"5B 3/1","dark bluish gray",63.1842100823407,73.2223699391874,76.8946778738088,"1"
"5B 4/1","dark bluish gray",87.6303706077068,97.8269051006795,101.130182264233,"2"
"5B 5/1","bluish gray",113.106122006595,123.29224951051,126.425754116039,"6"
"5B 6/1","bluish gray",138.784120744821,149.225852982231,152.017591067522,"6"
"5B 7/1","light bluish gray",164.830142895736,175.33487935109,178.091295325105,"4"
"5B 8/1","light bluish gray",191.519517416129,201.733482493212,204.122499699261,"4"
"10B 2.5/1","dark bluish gray",54.019557771752,60.7874413315006,66.3366960181745,"1"
"10B 3/1","dark bluish gray",65.0541964413771,72.5501224743611,78.4856254089717,"1"
"10B 4/1","dark bluish gray",89.9037812595915,97.0778032466081,102.320673144958,"2"
"10B 5/1","bluish gray",115.411266057733,122.531348533524,127.534650860702,"6"
"10B 6/1","bluish gray",141.217247263963,148.442198188227,152.943339796746,"6"
"10B 7/1","light bluish gray",167.554026030228,174.492605704395,178.733649274536,"4"
"10B 8/1","light bluish gray",194.024095007288,200.949560502517,204.742229620591,"4"
"5PB 2.5/1","dark bluish gray",56.7761562425477,59.9363571663009,67.1144856888889,"1"
"5PB 3/1","dark bluish gray",68.0988902714849,71.61918269,79.2474025253372,"1"
"5PB 4/1","dark bluish gray",92.9602886969263,96.1196235824522,103.124711549262,"2"
"5PB 5/1","bluish gray",118.522083164977,121.593572746073,127.934772474734,"6"
"5PB 6/1","bluish gray",144.253297756726,147.530033149311,153.255214351604,"6"
"5PB 7/1","light bluish gray",170.426915829708,173.626521876762,178.998733258277,"4"
"5PB 8/1","light bluish gray",196.829558335225,200.106528279729,204.944723901915,"4"
"10GY 2.5/1","dark greenish gray",55.688846290275,61.4630542189387,55.9196623946544,"1"
"10GY 3/1","dark greenish gray",66.6837909298842,73.366868512089,66.7837737622187,"1"
"10GY 4/1","dark greenish gray",90.6883401841893,98.1523069653902,90.1329354816257,"2"
"10GY 5/1","greenish gray",115.518865182183,123.838667243025,114.865714868777,"6"
"10GY 6/1","greenish gray",140.426404056036,150.064065649818,139.61155670269,"6"
"10GY 7/1","light greenish gray",166.296704247243,176.282544257602,165.080209227391,"4"
"10GY 8/1","light greenish gray",192.161041263948,202.971262895416,190.510519267045,"4"
"5G 2.5/1","dark greenish gray",54.131333821133,61.6895894991734,57.8244931718342,"1"
"5G 3/1","dark greenish gray",64.9259046376917,73.6067885235975,69.1005200321674,"1"
"5G 4/1","dark greenish gray",88.4313903073261,98.473128508051,93.0544828324537,"2"
"5G 5/1","greenish gray",113.081493219489,124.184620316805,118.077780690701,"6"
"5G 6/1","greenish gray",137.889466332598,150.384678834194,143.374332316747,"6"
"5G 7/1","light greenish gray",163.38957263272,176.688715222671,169.056816375324,"4"
"5G 8/1","light greenish gray",188.962625316454,203.415482311149,194.94282978935,"4"
